Hora,IP Origen,IP Destino,Puerto,Protocolo,Flag,Tipo
Mon Mar 16 17:29:42 2026,172.10.15.254,172.10.0.21,3389,TCP,S,Posible Exploit (Desconocido)
Tue Mar 17 05:20:07 2026,172.10.10.16,72.153.5.138,443,TCP,N/A,SQL Injection
Tue Mar 17 06:48:37 2026,190.25.75.84,172.10.0.2,3389,TCP,S,Posible Exploit (Desconocido)
Tue Mar 17 06:48:40 2026,190.25.75.84,172.10.0.2,3389,TCP,S,Posible Exploit (Desconocido)
Tue Mar 17 06:48:49 2026,190.25.75.84,172.10.0.2,3389,TCP,S,Posible Exploit (Desconocido)
Tue Mar 17 06:48:52 2026,209.141.41.175,172.10.0.2,23,TCP,S,Posible Exploit (Desconocido)
Tue Mar 17 06:48:52 2026,190.25.75.84,172.10.0.2,3389,TCP,S,Posible Exploit (Desconocido)
Tue Mar 17 06:49:01 2026,190.25.75.84,172.10.0.2,3389,TCP,S,Posible Exploit (Desconocido)
Tue Mar 17 06:49:04 2026,190.25.75.84,172.10.0.2,3389,TCP,S,Posible Exploit (Desconocido)
Tue Mar 17 06:49:13 2026,190.25.75.84,172.10.0.2,3389,TCP,S,Posible Exploit (Desconocido)
Tue Mar 17 06:49:16 2026,190.25.75.84,172.10.0.2,3389,TCP,S,Posible Exploit (Desconocido)
Tue Mar 17 06:49:25 2026,190.25.75.84,172.10.0.2,3389,TCP,S,Posible Exploit (Desconocido)
Tue Mar 17 06:49:28 2026,190.25.75.84,172.10.0.2,3389,TCP,S,Posible Exploit (Desconocido)
Tue Mar 17 06:49:37 2026,190.25.75.84,172.10.0.2,3389,TCP,S,Posible Exploit (Desconocido)
Tue Mar 17 06:49:40 2026,190.25.75.84,172.10.0.2,3389,TCP,S,Posible Exploit (Desconocido)
Tue Mar 17 06:49:49 2026,190.25.75.84,172.10.0.2,3389,TCP,S,Posible Exploit (Desconocido)
Tue Mar 17 06:49:52 2026,190.25.75.84,172.10.0.2,3389,TCP,S,Posible Exploit (Desconocido)
Tue Mar 17 06:50:01 2026,190.25.75.84,172.10.0.2,3389,TCP,S,Posible Exploit (Desconocido)
Tue Mar 17 06:50:04 2026,190.25.75.84,172.10.0.2,3389,TCP,S,Posible Exploit (Desconocido)
Tue Mar 17 06:50:13 2026,190.25.75.84,172.10.0.2,3389,TCP,S,Posible Exploit (Desconocido)
Tue Mar 17 06:50:16 2026,190.25.75.84,172.10.0.2,3389,TCP,S,Posible Exploit (Desconocido)
Tue Mar 17 06:50:25 2026,190.25.75.84,172.10.0.2,3389,TCP,S,Posible Exploit (Desconocido)
Tue Mar 17 06:50:28 2026,190.25.75.84,172.10.0.2,3389,TCP,S,Posible Exploit (Desconocido)
Tue Mar 17 06:50:37 2026,190.25.75.84,172.10.0.2,3389,TCP,S,Posible Exploit (Desconocido)
Tue Mar 17 06:50:40 2026,190.25.75.84,172.10.0.2,3389,TCP,S,Posible Exploit (Desconocido)
Tue Mar 17 06:50:49 2026,190.25.75.84,172.10.0.2,3389,TCP,S,Posible Exploit (Desconocido)
Tue Mar 17 06:50:50 2026,45.166.104.228,172.10.0.2,3389,TCP,S,Posible Exploit (Desconocido)
Tue Mar 17 06:50:52 2026,190.25.75.84,172.10.0.2,3389,TCP,S,Posible Exploit (Desconocido)
Tue Mar 17 06:50:53 2026,187.121.34.11,172.10.0.2,3389,TCP,S,Posible Exploit (Desconocido)
Tue Mar 17 06:51:01 2026,190.25.75.84,172.10.0.2,3389,TCP,S,Posible Exploit (Desconocido)
Tue Mar 17 06:51:04 2026,190.25.75.84,172.10.0.2,3389,TCP,S,Posible Exploit (Desconocido)
Tue Mar 17 06:51:12 2026,190.25.75.84,172.10.0.2,3389,TCP,S,Posible Exploit (Desconocido)
Tue Mar 17 06:51:15 2026,190.25.75.84,172.10.0.2,3389,TCP,S,Posible Exploit (Desconocido)
Tue Mar 17 07:00:12 2026,190.25.75.84,172.10.0.2,3389,TCP,S,Posible Exploit (Desconocido)
Tue Mar 17 07:00:15 2026,190.25.75.84,172.10.0.2,3389,TCP,S,Posible Exploit (Desconocido)
Tue Mar 17 07:00:23 2026,190.25.75.84,172.10.0.2,3389,TCP,S,Posible Exploit (Desconocido)
Tue Mar 17 07:00:26 2026,190.25.75.84,172.10.0.2,3389,TCP,S,Posible Exploit (Desconocido)
Tue Mar 17 07:00:36 2026,190.25.75.84,172.10.0.2,3389,TCP,S,Posible Exploit (Desconocido)
Tue Mar 17 07:00:39 2026,190.25.75.84,172.10.0.2,3389,TCP,S,Posible Exploit (Desconocido)
Tue Mar 17 07:00:47 2026,190.25.75.84,172.10.0.2,3389,TCP,S,Posible Exploit (Desconocido)
Tue Mar 17 07:00:50 2026,190.25.75.84,172.10.0.2,3389,TCP,S,Posible Exploit (Desconocido)
Tue Mar 17 07:00:59 2026,190.25.75.84,172.10.0.2,3389,TCP,S,Posible Exploit (Desconocido)
Tue Mar 17 07:01:02 2026,190.25.75.84,172.10.0.2,3389,TCP,S,Posible Exploit (Desconocido)
Tue Mar 17 07:01:11 2026,190.25.75.84,172.10.0.2,3389,TCP,S,Posible Exploit (Desconocido)
Tue Mar 17 07:01:14 2026,190.25.75.84,172.10.0.2,3389,TCP,S,Posible Exploit (Desconocido)
Tue Mar 17 07:01:23 2026,190.25.75.84,172.10.0.2,3389,TCP,S,Posible Exploit (Desconocido)
Tue Mar 17 07:01:26 2026,190.25.75.84,172.10.0.2,3389,TCP,S,Posible Exploit (Desconocido)
Tue Mar 17 07:01:35 2026,190.25.75.84,172.10.0.2,3389,TCP,S,Posible Exploit (Desconocido)
Tue Mar 17 07:01:38 2026,190.25.75.84,172.10.0.2,3389,TCP,S,Posible Exploit (Desconocido)
Tue Mar 17 07:01:47 2026,190.25.75.84,172.10.0.2,3389,TCP,S,Posible Exploit (Desconocido)
Tue Mar 17 07:01:50 2026,190.25.75.84,172.10.0.2,3389,TCP,S,Posible Exploit (Desconocido)
Tue Mar 17 07:01:52 2026,45.166.104.228,172.10.0.2,3389,TCP,S,Posible Exploit (Desconocido)
Tue Mar 17 07:01:59 2026,190.25.75.84,172.10.0.2,3389,TCP,S,Posible Exploit (Desconocido)
Tue Mar 17 07:02:02 2026,190.25.75.84,172.10.0.2,3389,TCP,S,Posible Exploit (Desconocido)
Tue Mar 17 07:02:09 2026,187.121.34.11,172.10.0.2,3389,TCP,S,Posible Exploit (Desconocido)
Tue Mar 17 07:02:11 2026,190.25.75.84,172.10.0.2,3389,TCP,S,Posible Exploit (Desconocido)
Tue Mar 17 07:02:14 2026,190.25.75.84,172.10.0.2,3389,TCP,S,Posible Exploit (Desconocido)
Tue Mar 17 07:02:23 2026,190.25.75.84,172.10.0.2,3389,TCP,S,Posible Exploit (Desconocido)
Tue Mar 17 07:02:26 2026,190.25.75.84,172.10.0.2,3389,TCP,S,Posible Exploit (Desconocido)
Tue Mar 17 07:02:27 2026,157.254.223.81,172.10.0.2,3389,TCP,S,Posible Exploit (Desconocido)
Tue Mar 17 07:02:31 2026,157.254.223.81,172.10.0.2,3389,TCP,S,Posible Exploit (Desconocido)
Tue Mar 17 07:02:35 2026,190.25.75.84,172.10.0.2,3389,TCP,S,Posible Exploit (Desconocido)
Tue Mar 17 07:02:38 2026,190.25.75.84,172.10.0.2,3389,TCP,S,Posible Exploit (Desconocido)
Tue Mar 17 07:02:39 2026,157.254.223.81,172.10.0.2,3389,TCP,S,Posible Exploit (Desconocido)
Tue Mar 17 07:02:47 2026,190.25.75.84,172.10.0.2,3389,TCP,S,Posible Exploit (Desconocido)
Tue Mar 17 07:02:50 2026,190.25.75.84,172.10.0.2,3389,TCP,S,Posible Exploit (Desconocido)
Tue Mar 17 07:02:59 2026,190.25.75.84,172.10.0.2,3389,TCP,S,Posible Exploit (Desconocido)
Tue Mar 17 07:03:02 2026,190.25.75.84,172.10.0.2,3389,TCP,S,Posible Exploit (Desconocido)
Tue Mar 17 07:03:11 2026,190.25.75.84,172.10.0.2,3389,TCP,S,Posible Exploit (Desconocido)
Tue Mar 17 07:03:14 2026,190.25.75.84,172.10.0.2,3389,TCP,S,Posible Exploit (Desconocido)
Tue Mar 17 07:03:23 2026,190.25.75.84,172.10.0.2,3389,TCP,S,Posible Exploit (Desconocido)
Tue Mar 17 07:03:26 2026,190.25.75.84,172.10.0.2,3389,TCP,S,Posible Exploit (Desconocido)
Tue Mar 17 07:03:35 2026,190.25.75.84,172.10.0.2,3389,TCP,S,Posible Exploit (Desconocido)
Tue Mar 17 07:03:38 2026,190.25.75.84,172.10.0.2,3389,TCP,S,Posible Exploit (Desconocido)
Tue Mar 17 07:03:40 2026,45.166.104.228,172.10.0.2,3389,TCP,S,Posible Exploit (Desconocido)
Tue Mar 17 07:03:47 2026,190.25.75.84,172.10.0.2,3389,TCP,S,Posible Exploit (Desconocido)
Tue Mar 17 07:03:50 2026,190.25.75.84,172.10.0.2,3389,TCP,S,Posible Exploit (Desconocido)
Tue Mar 17 07:03:59 2026,190.25.75.84,172.10.0.2,3389,TCP,S,Posible Exploit (Desconocido)
Tue Mar 17 07:04:02 2026,190.25.75.84,172.10.0.2,3389,TCP,S,Posible Exploit (Desconocido)
Tue Mar 17 07:04:11 2026,190.25.75.84,172.10.0.2,3389,TCP,S,Posible Exploit (Desconocido)
Tue Mar 17 07:04:14 2026,190.25.75.84,172.10.0.2,3389,TCP,S,Posible Exploit (Desconocido)
Tue Mar 17 07:04:22 2026,190.25.75.84,172.10.0.2,3389,TCP,S,Posible Exploit (Desconocido)
Tue Mar 17 07:04:25 2026,190.25.75.84,172.10.0.2,3389,TCP,S,Posible Exploit (Desconocido)
Tue Mar 17 07:04:35 2026,190.25.75.84,172.10.0.2,3389,TCP,S,Posible Exploit (Desconocido)
Tue Mar 17 07:04:38 2026,190.25.75.84,172.10.0.2,3389,TCP,S,Posible Exploit (Desconocido)
Tue Mar 17 07:04:46 2026,190.25.75.84,172.10.0.2,3389,TCP,S,Posible Exploit (Desconocido)
Tue Mar 17 07:04:49 2026,190.25.75.84,172.10.0.2,3389,TCP,S,Posible Exploit (Desconocido)
Tue Mar 17 07:04:56 2026,187.121.34.11,172.10.0.2,3389,TCP,S,Posible Exploit (Desconocido)
Tue Mar 17 07:04:58 2026,190.25.75.84,172.10.0.2,3389,TCP,S,Posible Exploit (Desconocido)
Tue Mar 17 07:05:01 2026,190.25.75.84,172.10.0.2,3389,TCP,S,Posible Exploit (Desconocido)
Tue Mar 17 07:05:10 2026,190.25.75.84,172.10.0.2,3389,TCP,S,Posible Exploit (Desconocido)
Tue Mar 17 07:05:13 2026,190.25.75.84,172.10.0.2,3389,TCP,S,Posible Exploit (Desconocido)
Tue Mar 17 07:05:22 2026,190.25.75.84,172.10.0.2,3389,TCP,S,Posible Exploit (Desconocido)
Tue Mar 17 07:05:25 2026,190.25.75.84,172.10.0.2,3389,TCP,S,Posible Exploit (Desconocido)
Tue Mar 17 07:05:30 2026,45.166.104.228,172.10.0.2,3389,TCP,S,Posible Exploit (Desconocido)
Tue Mar 17 07:05:34 2026,190.25.75.84,172.10.0.2,3389,TCP,S,Posible Exploit (Desconocido)
Tue Mar 17 07:05:37 2026,190.25.75.84,172.10.0.2,3389,TCP,S,Posible Exploit (Desconocido)
Tue Mar 17 07:05:47 2026,190.25.75.84,172.10.0.2,3389,TCP,S,Posible Exploit (Desconocido)
Tue Mar 17 07:05:50 2026,190.25.75.84,172.10.0.2,3389,TCP,S,Posible Exploit (Desconocido)
Tue Mar 17 07:05:58 2026,190.25.75.84,172.10.0.2,3389,TCP,S,Posible Exploit (Desconocido)
Tue Mar 17 07:06:01 2026,190.25.75.84,172.10.0.2,3389,TCP,S,Posible Exploit (Desconocido)
Tue Mar 17 07:06:10 2026,190.25.75.84,172.10.0.2,3389,TCP,S,Posible Exploit (Desconocido)
Tue Mar 17 07:06:13 2026,190.25.75.84,172.10.0.2,3389,TCP,S,Posible Exploit (Desconocido)
Tue Mar 17 07:06:22 2026,190.25.75.84,172.10.0.2,3389,TCP,S,Posible Exploit (Desconocido)
Tue Mar 17 07:06:25 2026,190.25.75.84,172.10.0.2,3389,TCP,S,Posible Exploit (Desconocido)
Tue Mar 17 07:06:34 2026,190.25.75.84,172.10.0.2,3389,TCP,S,Posible Exploit (Desconocido)
Tue Mar 17 07:06:37 2026,190.25.75.84,172.10.0.2,3389,TCP,S,Posible Exploit (Desconocido)
Tue Mar 17 07:06:46 2026,190.25.75.84,172.10.0.2,3389,TCP,S,Posible Exploit (Desconocido)
Tue Mar 17 07:06:49 2026,190.25.75.84,172.10.0.2,3389,TCP,S,Posible Exploit (Desconocido)
Tue Mar 17 07:06:58 2026,190.25.75.84,172.10.0.2,3389,TCP,S,Posible Exploit (Desconocido)
Tue Mar 17 07:07:01 2026,190.25.75.84,172.10.0.2,3389,TCP,S,Posible Exploit (Desconocido)
Tue Mar 17 07:13:32 2026,190.25.75.84,172.10.0.2,3389,TCP,S,Posible Exploit (Desconocido)
Tue Mar 17 07:13:35 2026,190.25.75.84,172.10.0.2,3389,TCP,S,Posible Exploit (Desconocido)
Tue Mar 17 07:13:44 2026,190.25.75.84,172.10.0.2,3389,TCP,S,Posible Exploit (Desconocido)
Tue Mar 17 07:13:47 2026,190.25.75.84,172.10.0.2,3389,TCP,S,Posible Exploit (Desconocido)
Tue Mar 17 07:13:56 2026,190.25.75.84,172.10.0.2,3389,TCP,S,Posible Exploit (Desconocido)
Tue Mar 17 07:13:59 2026,190.25.75.84,172.10.0.2,3389,TCP,S,Posible Exploit (Desconocido)
Tue Mar 17 07:14:08 2026,190.25.75.84,172.10.0.2,3389,TCP,S,Posible Exploit (Desconocido)
Tue Mar 17 07:14:11 2026,190.25.75.84,172.10.0.2,3389,TCP,S,Posible Exploit (Desconocido)
Tue Mar 17 07:14:20 2026,190.25.75.84,172.10.0.2,3389,TCP,S,Posible Exploit (Desconocido)
Tue Mar 17 07:14:23 2026,190.25.75.84,172.10.0.2,3389,TCP,S,Posible Exploit (Desconocido)
Tue Mar 17 07:14:32 2026,190.25.75.84,172.10.0.2,3389,TCP,S,Posible Exploit (Desconocido)
Tue Mar 17 07:14:35 2026,190.25.75.84,172.10.0.2,3389,TCP,S,Posible Exploit (Desconocido)
Tue Mar 17 07:14:41 2026,45.166.104.228,172.10.0.2,3389,TCP,S,Posible Exploit (Desconocido)
Tue Mar 17 07:14:44 2026,190.25.75.84,172.10.0.2,3389,TCP,S,Posible Exploit (Desconocido)
Tue Mar 17 07:14:47 2026,190.25.75.84,172.10.0.2,3389,TCP,S,Posible Exploit (Desconocido)
Tue Mar 17 07:14:56 2026,190.25.75.84,172.10.0.2,3389,TCP,S,Posible Exploit (Desconocido)
Tue Mar 17 07:14:59 2026,190.25.75.84,172.10.0.2,3389,TCP,S,Posible Exploit (Desconocido)
Tue Mar 17 07:15:08 2026,190.25.75.84,172.10.0.2,3389,TCP,S,Posible Exploit (Desconocido)
Tue Mar 17 07:15:11 2026,190.25.75.84,172.10.0.2,3389,TCP,S,Posible Exploit (Desconocido)
Tue Mar 17 07:15:20 2026,190.25.75.84,172.10.0.2,3389,TCP,S,Posible Exploit (Desconocido)
Tue Mar 17 07:15:23 2026,190.25.75.84,172.10.0.2,3389,TCP,S,Posible Exploit (Desconocido)
Tue Mar 17 07:15:32 2026,190.25.75.84,172.10.0.2,3389,TCP,S,Posible Exploit (Desconocido)
Tue Mar 17 07:15:35 2026,190.25.75.84,172.10.0.2,3389,TCP,S,Posible Exploit (Desconocido)
Tue Mar 17 07:15:44 2026,190.25.75.84,172.10.0.2,3389,TCP,S,Posible Exploit (Desconocido)
Tue Mar 17 07:15:47 2026,190.25.75.84,172.10.0.2,3389,TCP,S,Posible Exploit (Desconocido)
Tue Mar 17 07:15:56 2026,190.25.75.84,172.10.0.2,3389,TCP,S,Posible Exploit (Desconocido)
Tue Mar 17 07:15:59 2026,190.25.75.84,172.10.0.2,3389,TCP,S,Posible Exploit (Desconocido)
Tue Mar 17 07:16:08 2026,190.25.75.84,172.10.0.2,3389,TCP,S,Posible Exploit (Desconocido)
Tue Mar 17 07:16:11 2026,190.25.75.84,172.10.0.2,3389,TCP,S,Posible Exploit (Desconocido)
Tue Mar 17 07:16:13 2026,187.121.34.11,172.10.0.2,3389,TCP,S,Posible Exploit (Desconocido)
Tue Mar 17 07:16:20 2026,190.25.75.84,172.10.0.2,3389,TCP,S,Posible Exploit (Desconocido)
Tue Mar 17 07:16:23 2026,190.25.75.84,172.10.0.2,3389,TCP,S,Posible Exploit (Desconocido)
Tue Mar 17 07:16:26 2026,177.247.0.41,172.10.0.2,3389,TCP,S,Posible Exploit (Desconocido)
Tue Mar 17 07:16:31 2026,45.166.104.228,172.10.0.2,3389,TCP,S,Posible Exploit (Desconocido)
Tue Mar 17 07:16:32 2026,190.25.75.84,172.10.0.2,3389,TCP,S,Posible Exploit (Desconocido)
Tue Mar 17 07:16:35 2026,190.25.75.84,172.10.0.2,3389,TCP,S,Posible Exploit (Desconocido)
Tue Mar 17 07:16:44 2026,190.25.75.84,172.10.0.2,3389,TCP,S,Posible Exploit (Desconocido)
Tue Mar 17 07:16:47 2026,190.25.75.84,172.10.0.2,3389,TCP,S,Posible Exploit (Desconocido)
Tue Mar 17 07:16:56 2026,190.25.75.84,172.10.0.2,3389,TCP,S,Posible Exploit (Desconocido)
Tue Mar 17 07:16:59 2026,190.25.75.84,172.10.0.2,3389,TCP,S,Posible Exploit (Desconocido)
Tue Mar 17 07:17:06 2026,177.247.0.41,172.10.0.2,3389,TCP,S,Posible Exploit (Desconocido)
Tue Mar 17 07:17:08 2026,190.25.75.84,172.10.0.2,3389,TCP,S,Posible Exploit (Desconocido)
Tue Mar 17 07:17:11 2026,190.25.75.84,172.10.0.2,3389,TCP,S,Posible Exploit (Desconocido)
Tue Mar 17 07:17:20 2026,190.25.75.84,172.10.0.2,3389,TCP,S,Posible Exploit (Desconocido)
Tue Mar 17 07:17:23 2026,190.25.75.84,172.10.0.2,3389,TCP,S,Posible Exploit (Desconocido)
Tue Mar 17 07:17:31 2026,190.25.75.84,172.10.0.2,3389,TCP,S,Posible Exploit (Desconocido)
Tue Mar 17 07:17:34 2026,190.25.75.84,172.10.0.2,3389,TCP,S,Posible Exploit (Desconocido)
Tue Mar 17 07:17:43 2026,190.25.75.84,172.10.0.2,3389,TCP,S,Posible Exploit (Desconocido)
Tue Mar 17 07:17:46 2026,190.25.75.84,172.10.0.2,3389,TCP,S,Posible Exploit (Desconocido)
Tue Mar 17 07:17:49 2026,177.247.0.41,172.10.0.2,3389,TCP,S,Posible Exploit (Desconocido)
Tue Mar 17 07:17:55 2026,190.25.75.84,172.10.0.2,3389,TCP,S,Posible Exploit (Desconocido)
Tue Mar 17 07:17:57 2026,177.247.0.41,172.10.0.2,3389,TCP,S,Posible Exploit (Desconocido)
Tue Mar 17 07:17:58 2026,190.25.75.84,172.10.0.2,3389,TCP,S,Posible Exploit (Desconocido)
Tue Mar 17 07:18:07 2026,190.25.75.84,172.10.0.2,3389,TCP,S,Posible Exploit (Desconocido)
Tue Mar 17 07:18:10 2026,190.25.75.84,172.10.0.2,3389,TCP,S,Posible Exploit (Desconocido)
Tue Mar 17 07:18:19 2026,190.25.75.84,172.10.0.2,3389,TCP,S,Posible Exploit (Desconocido)
Tue Mar 17 07:18:22 2026,190.25.75.84,172.10.0.2,3389,TCP,S,Posible Exploit (Desconocido)
Tue Mar 17 07:18:30 2026,177.247.0.41,172.10.0.2,3389,TCP,S,Posible Exploit (Desconocido)
Tue Mar 17 07:18:31 2026,190.25.75.84,172.10.0.2,3389,TCP,S,Posible Exploit (Desconocido)
Tue Mar 17 07:18:34 2026,190.25.75.84,172.10.0.2,3389,TCP,S,Posible Exploit (Desconocido)
Tue Mar 17 07:18:43 2026,190.25.75.84,172.10.0.2,3389,TCP,S,Posible Exploit (Desconocido)
Tue Mar 17 07:18:46 2026,190.25.75.84,172.10.0.2,3389,TCP,S,Posible Exploit (Desconocido)
Tue Mar 17 07:18:50 2026,177.247.0.41,172.10.0.2,3389,TCP,S,Posible Exploit (Desconocido)
Tue Mar 17 07:18:55 2026,190.25.75.84,172.10.0.2,3389,TCP,S,Posible Exploit (Desconocido)
Tue Mar 17 07:18:58 2026,190.25.75.84,172.10.0.2,3389,TCP,S,Posible Exploit (Desconocido)
Tue Mar 17 07:19:03 2026,187.121.34.11,172.10.0.2,3389,TCP,S,Posible Exploit (Desconocido)
Tue Mar 17 07:19:07 2026,190.25.75.84,172.10.0.2,3389,TCP,S,Posible Exploit (Desconocido)
Tue Mar 17 07:19:10 2026,190.25.75.84,172.10.0.2,3389,TCP,S,Posible Exploit (Desconocido)
Tue Mar 17 07:19:19 2026,190.25.75.84,172.10.0.2,3389,TCP,S,Posible Exploit (Desconocido)
Tue Mar 17 07:19:22 2026,190.25.75.84,172.10.0.2,3389,TCP,S,Posible Exploit (Desconocido)
Tue Mar 17 07:19:22 2026,24.234.99.103,172.10.0.2,3389,TCP,S,Posible Exploit (Desconocido)
Tue Mar 17 07:19:30 2026,177.247.0.41,172.10.0.2,3389,TCP,S,Posible Exploit (Desconocido)
Tue Mar 17 07:19:31 2026,190.25.75.84,172.10.0.2,3389,TCP,S,Posible Exploit (Desconocido)
Tue Mar 17 07:19:34 2026,190.25.75.84,172.10.0.2,3389,TCP,S,Posible Exploit (Desconocido)
Tue Mar 17 07:19:43 2026,190.25.75.84,172.10.0.2,3389,TCP,S,Posible Exploit (Desconocido)
Tue Mar 17 07:19:46 2026,190.25.75.84,172.10.0.2,3389,TCP,S,Posible Exploit (Desconocido)
Tue Mar 17 07:19:55 2026,190.25.75.84,172.10.0.2,3389,TCP,S,Posible Exploit (Desconocido)
Tue Mar 17 07:19:58 2026,190.25.75.84,172.10.0.2,3389,TCP,S,Posible Exploit (Desconocido)
Tue Mar 17 07:20:07 2026,190.25.75.84,172.10.0.2,3389,TCP,S,Posible Exploit (Desconocido)
Tue Mar 17 07:20:10 2026,190.25.75.84,172.10.0.2,3389,TCP,S,Posible Exploit (Desconocido)
Tue Mar 17 07:20:10 2026,45.166.104.228,172.10.0.2,3389,TCP,S,Posible Exploit (Desconocido)
Tue Mar 17 07:20:19 2026,190.25.75.84,172.10.0.2,3389,TCP,S,Posible Exploit (Desconocido)
Tue Mar 17 07:20:22 2026,190.25.75.84,172.10.0.2,3389,TCP,S,Posible Exploit (Desconocido)
Tue Mar 17 07:20:31 2026,190.25.75.84,172.10.0.2,3389,TCP,S,Posible Exploit (Desconocido)
Tue Mar 17 07:20:34 2026,190.25.75.84,172.10.0.2,3389,TCP,S,Posible Exploit (Desconocido)
Tue Mar 17 07:20:43 2026,190.25.75.84,172.10.0.2,3389,TCP,S,Posible Exploit (Desconocido)
Tue Mar 17 07:20:46 2026,190.25.75.84,172.10.0.2,3389,TCP,S,Posible Exploit (Desconocido)
Tue Mar 17 07:20:55 2026,190.25.75.84,172.10.0.2,3389,TCP,S,Posible Exploit (Desconocido)
Tue Mar 17 07:20:58 2026,190.25.75.84,172.10.0.2,3389,TCP,S,Posible Exploit (Desconocido)
Tue Mar 17 07:21:06 2026,190.25.75.84,172.10.0.2,3389,TCP,S,Posible Exploit (Desconocido)
Tue Mar 17 07:21:09 2026,190.25.75.84,172.10.0.2,3389,TCP,S,Posible Exploit (Desconocido)
Tue Mar 17 07:26:52 2026,190.25.75.84,172.10.0.2,3389,TCP,S,Posible Exploit (Desconocido)
Tue Mar 17 07:26:55 2026,190.25.75.84,172.10.0.2,3389,TCP,S,Posible Exploit (Desconocido)
Tue Mar 17 07:27:04 2026,190.25.75.84,172.10.0.2,3389,TCP,S,Posible Exploit (Desconocido)
Tue Mar 17 07:27:07 2026,190.25.75.84,172.10.0.2,3389,TCP,S,Posible Exploit (Desconocido)
Tue Mar 17 07:27:16 2026,190.25.75.84,172.10.0.2,3389,TCP,S,Posible Exploit (Desconocido)
Tue Mar 17 07:27:19 2026,190.25.75.84,172.10.0.2,3389,TCP,S,Posible Exploit (Desconocido)
Tue Mar 17 07:27:28 2026,190.25.75.84,172.10.0.2,3389,TCP,S,Posible Exploit (Desconocido)
Tue Mar 17 07:27:28 2026,45.166.104.228,172.10.0.2,3389,TCP,S,Posible Exploit (Desconocido)
Tue Mar 17 07:27:29 2026,187.121.34.11,172.10.0.2,3389,TCP,S,Posible Exploit (Desconocido)
Tue Mar 17 07:27:31 2026,190.25.75.84,172.10.0.2,3389,TCP,S,Posible Exploit (Desconocido)
Tue Mar 17 07:27:40 2026,190.25.75.84,172.10.0.2,3389,TCP,S,Posible Exploit (Desconocido)
Tue Mar 17 07:27:43 2026,190.25.75.84,172.10.0.2,3389,TCP,S,Posible Exploit (Desconocido)
Tue Mar 17 07:27:52 2026,190.25.75.84,172.10.0.2,3389,TCP,S,Posible Exploit (Desconocido)
Tue Mar 17 07:27:55 2026,190.25.75.84,172.10.0.2,3389,TCP,S,Posible Exploit (Desconocido)
Tue Mar 17 07:28:04 2026,190.25.75.84,172.10.0.2,3389,TCP,S,Posible Exploit (Desconocido)
Tue Mar 17 07:28:07 2026,190.25.75.84,172.10.0.2,3389,TCP,S,Posible Exploit (Desconocido)
Tue Mar 17 07:28:16 2026,190.25.75.84,172.10.0.2,3389,TCP,S,Posible Exploit (Desconocido)
Tue Mar 17 07:28:19 2026,190.25.75.84,172.10.0.2,3389,TCP,S,Posible Exploit (Desconocido)
Tue Mar 17 07:28:28 2026,190.25.75.84,172.10.0.2,3389,TCP,S,Posible Exploit (Desconocido)
Tue Mar 17 07:28:31 2026,190.25.75.84,172.10.0.2,3389,TCP,S,Posible Exploit (Desconocido)
Tue Mar 17 07:28:39 2026,190.25.75.84,172.10.0.2,3389,TCP,S,Posible Exploit (Desconocido)
Tue Mar 17 07:28:42 2026,190.25.75.84,172.10.0.2,3389,TCP,S,Posible Exploit (Desconocido)
Tue Mar 17 07:28:51 2026,190.25.75.84,172.10.0.2,3389,TCP,S,Posible Exploit (Desconocido)
Tue Mar 17 07:28:54 2026,190.25.75.84,172.10.0.2,3389,TCP,S,Posible Exploit (Desconocido)
Tue Mar 17 07:29:03 2026,190.25.75.84,172.10.0.2,3389,TCP,S,Posible Exploit (Desconocido)
Tue Mar 17 07:29:06 2026,190.25.75.84,172.10.0.2,3389,TCP,S,Posible Exploit (Desconocido)
Tue Mar 17 07:29:15 2026,190.25.75.84,172.10.0.2,3389,TCP,S,Posible Exploit (Desconocido)
Tue Mar 17 07:29:18 2026,190.25.75.84,172.10.0.2,3389,TCP,S,Posible Exploit (Desconocido)
Tue Mar 17 07:29:27 2026,190.25.75.84,172.10.0.2,3389,TCP,S,Posible Exploit (Desconocido)
Tue Mar 17 07:29:30 2026,190.25.75.84,172.10.0.2,3389,TCP,S,Posible Exploit (Desconocido)
Tue Mar 17 07:29:39 2026,190.25.75.84,172.10.0.2,3389,TCP,S,Posible Exploit (Desconocido)
Tue Mar 17 07:29:42 2026,190.25.75.84,172.10.0.2,3389,TCP,S,Posible Exploit (Desconocido)
Tue Mar 17 07:29:51 2026,190.25.75.84,172.10.0.2,3389,TCP,S,Posible Exploit (Desconocido)
Tue Mar 17 07:29:54 2026,190.25.75.84,172.10.0.2,3389,TCP,S,Posible Exploit (Desconocido)
Tue Mar 17 07:30:03 2026,190.25.75.84,172.10.0.2,3389,TCP,S,Posible Exploit (Desconocido)
Tue Mar 17 07:30:06 2026,190.25.75.84,172.10.0.2,3389,TCP,S,Posible Exploit (Desconocido)
Tue Mar 17 07:30:15 2026,190.25.75.84,172.10.0.2,3389,TCP,S,Posible Exploit (Desconocido)
Tue Mar 17 07:30:18 2026,190.25.75.84,172.10.0.2,3389,TCP,S,Posible Exploit (Desconocido)
Tue Mar 17 07:30:19 2026,187.121.34.11,172.10.0.2,3389,TCP,S,Posible Exploit (Desconocido)
Tue Mar 17 07:30:27 2026,190.25.75.84,172.10.0.2,3389,TCP,S,Posible Exploit (Desconocido)
Tue Mar 17 07:30:30 2026,190.25.75.84,172.10.0.2,3389,TCP,S,Posible Exploit (Desconocido)
Tue Mar 17 07:30:38 2026,190.25.75.84,172.10.0.2,3389,TCP,S,Posible Exploit (Desconocido)
Tue Mar 17 07:30:41 2026,190.25.75.84,172.10.0.2,3389,TCP,S,Posible Exploit (Desconocido)
Tue Mar 17 07:30:50 2026,190.25.75.84,172.10.0.2,3389,TCP,S,Posible Exploit (Desconocido)
Tue Mar 17 07:30:53 2026,190.25.75.84,172.10.0.2,3389,TCP,S,Posible Exploit (Desconocido)
Tue Mar 17 07:30:58 2026,142.93.145.126,172.10.0.2,3389,TCP,S,Posible Exploit (Desconocido)
Tue Mar 17 07:31:02 2026,142.93.145.126,172.10.0.2,3389,TCP,S,Posible Exploit (Desconocido)
Tue Mar 17 07:31:02 2026,190.25.75.84,172.10.0.2,3389,TCP,S,Posible Exploit (Desconocido)
Tue Mar 17 07:36:58 2026,190.25.75.84,172.10.0.2,3389,TCP,S,Posible Exploit (Desconocido)
Tue Mar 17 07:37:01 2026,190.25.75.84,172.10.0.2,3389,TCP,S,Posible Exploit (Desconocido)
Tue Mar 17 07:37:10 2026,190.25.75.84,172.10.0.2,3389,TCP,S,Posible Exploit (Desconocido)
Tue Mar 17 07:37:13 2026,190.25.75.84,172.10.0.2,3389,TCP,S,Posible Exploit (Desconocido)
Tue Mar 17 07:37:22 2026,190.25.75.84,172.10.0.2,3389,TCP,S,Posible Exploit (Desconocido)
Tue Mar 17 07:37:25 2026,190.25.75.84,172.10.0.2,3389,TCP,S,Posible Exploit (Desconocido)
Tue Mar 17 07:37:34 2026,190.25.75.84,172.10.0.2,3389,TCP,S,Posible Exploit (Desconocido)
Tue Mar 17 07:37:37 2026,190.25.75.84,172.10.0.2,3389,TCP,S,Posible Exploit (Desconocido)
Tue Mar 17 07:37:45 2026,190.25.75.84,172.10.0.2,3389,TCP,S,Posible Exploit (Desconocido)
Tue Mar 17 07:37:49 2026,190.25.75.84,172.10.0.2,3389,TCP,S,Posible Exploit (Desconocido)
Tue Mar 17 07:37:57 2026,190.25.75.84,172.10.0.2,3389,TCP,S,Posible Exploit (Desconocido)
Tue Mar 17 07:38:00 2026,190.25.75.84,172.10.0.2,3389,TCP,S,Posible Exploit (Desconocido)
Tue Mar 17 07:38:09 2026,190.25.75.84,172.10.0.2,3389,TCP,S,Posible Exploit (Desconocido)
Tue Mar 17 07:38:12 2026,190.25.75.84,172.10.0.2,3389,TCP,S,Posible Exploit (Desconocido)
Tue Mar 17 07:38:21 2026,190.25.75.84,172.10.0.2,3389,TCP,S,Posible Exploit (Desconocido)
Tue Mar 17 07:38:24 2026,190.25.75.84,172.10.0.2,3389,TCP,S,Posible Exploit (Desconocido)
Tue Mar 17 07:38:29 2026,45.166.104.228,172.10.0.2,3389,TCP,S,Posible Exploit (Desconocido)
Tue Mar 17 07:38:33 2026,190.25.75.84,172.10.0.2,3389,TCP,S,Posible Exploit (Desconocido)
Tue Mar 17 07:38:36 2026,190.25.75.84,172.10.0.2,3389,TCP,S,Posible Exploit (Desconocido)
Tue Mar 17 07:38:44 2026,187.121.34.11,172.10.0.2,3389,TCP,S,Posible Exploit (Desconocido)
Tue Mar 17 07:38:45 2026,190.25.75.84,172.10.0.2,3389,TCP,S,Posible Exploit (Desconocido)
Tue Mar 17 07:38:48 2026,190.25.75.84,172.10.0.2,3389,TCP,S,Posible Exploit (Desconocido)
Tue Mar 17 07:38:57 2026,190.25.75.84,172.10.0.2,3389,TCP,S,Posible Exploit (Desconocido)
Tue Mar 17 07:39:00 2026,190.25.75.84,172.10.0.2,3389,TCP,S,Posible Exploit (Desconocido)
Tue Mar 17 07:39:09 2026,190.25.75.84,172.10.0.2,3389,TCP,S,Posible Exploit (Desconocido)
Tue Mar 17 07:39:12 2026,190.25.75.84,172.10.0.2,3389,TCP,S,Posible Exploit (Desconocido)
Tue Mar 17 07:39:21 2026,190.25.75.84,172.10.0.2,3389,TCP,S,Posible Exploit (Desconocido)
Tue Mar 17 07:39:24 2026,190.25.75.84,172.10.0.2,3389,TCP,S,Posible Exploit (Desconocido)
Tue Mar 17 07:39:33 2026,190.25.75.84,172.10.0.2,3389,TCP,S,Posible Exploit (Desconocido)
Tue Mar 17 07:39:36 2026,190.25.75.84,172.10.0.2,3389,TCP,S,Posible Exploit (Desconocido)
Tue Mar 17 07:39:44 2026,190.25.75.84,172.10.0.2,3389,TCP,S,Posible Exploit (Desconocido)
Tue Mar 17 07:39:47 2026,190.25.75.84,172.10.0.2,3389,TCP,S,Posible Exploit (Desconocido)
Tue Mar 17 07:39:56 2026,190.25.75.84,172.10.0.2,3389,TCP,S,Posible Exploit (Desconocido)
Tue Mar 17 07:39:59 2026,190.25.75.84,172.10.0.2,3389,TCP,S,Posible Exploit (Desconocido)
Tue Mar 17 07:40:02 2026,24.143.165.146,172.10.0.2,3389,TCP,S,Posible Exploit (Desconocido)
Tue Mar 17 07:40:05 2026,24.143.165.146,172.10.0.2,3389,TCP,S,Posible Exploit (Desconocido)
Tue Mar 17 07:40:08 2026,190.25.75.84,172.10.0.2,3389,TCP,S,Posible Exploit (Desconocido)
Tue Mar 17 07:40:09 2026,24.143.165.146,172.10.0.2,3389,TCP,S,Posible Exploit (Desconocido)
Tue Mar 17 07:40:11 2026,190.25.75.84,172.10.0.2,3389,TCP,S,Posible Exploit (Desconocido)
Tue Mar 17 07:40:20 2026,190.25.75.84,172.10.0.2,3389,TCP,S,Posible Exploit (Desconocido)
Tue Mar 17 07:40:23 2026,190.25.75.84,172.10.0.2,3389,TCP,S,Posible Exploit (Desconocido)
Tue Mar 17 07:40:32 2026,190.25.75.84,172.10.0.2,3389,TCP,S,Posible Exploit (Desconocido)
Tue Mar 17 07:40:35 2026,190.25.75.84,172.10.0.2,3389,TCP,S,Posible Exploit (Desconocido)
Tue Mar 17 07:40:44 2026,190.25.75.84,172.10.0.2,3389,TCP,S,Posible Exploit (Desconocido)
Tue Mar 17 07:40:47 2026,190.25.75.84,172.10.0.2,3389,TCP,S,Posible Exploit (Desconocido)
Tue Mar 17 07:40:55 2026,190.25.75.84,172.10.0.2,3389,TCP,S,Posible Exploit (Desconocido)
Tue Mar 17 07:40:58 2026,190.25.75.84,172.10.0.2,3389,TCP,S,Posible Exploit (Desconocido)
Tue Mar 17 07:41:07 2026,190.25.75.84,172.10.0.2,3389,TCP,S,Posible Exploit (Desconocido)
Tue Mar 17 07:41:10 2026,190.25.75.84,172.10.0.2,3389,TCP,S,Posible Exploit (Desconocido)
Tue Mar 17 07:41:19 2026,190.25.75.84,172.10.0.2,3389,TCP,S,Posible Exploit (Desconocido)
Tue Mar 17 07:41:22 2026,190.25.75.84,172.10.0.2,3389,TCP,S,Posible Exploit (Desconocido)
Tue Mar 17 07:41:24 2026,217.216.48.10,172.10.0.2,3389,TCP,S,Posible Exploit (Desconocido)
Tue Mar 17 07:41:28 2026,217.216.48.10,172.10.0.2,3389,TCP,S,Posible Exploit (Desconocido)
Tue Mar 17 07:41:31 2026,190.25.75.84,172.10.0.2,3389,TCP,S,Posible Exploit (Desconocido)
Tue Mar 17 07:41:33 2026,187.121.34.11,172.10.0.2,3389,TCP,S,Posible Exploit (Desconocido)
Tue Mar 17 07:41:34 2026,190.25.75.84,172.10.0.2,3389,TCP,S,Posible Exploit (Desconocido)
Tue Mar 17 07:41:36 2026,217.216.48.10,172.10.0.2,3389,TCP,S,Posible Exploit (Desconocido)
Tue Mar 17 07:41:43 2026,190.25.75.84,172.10.0.2,3389,TCP,S,Posible Exploit (Desconocido)
Tue Mar 17 07:41:46 2026,190.25.75.84,172.10.0.2,3389,TCP,S,Posible Exploit (Desconocido)
Tue Mar 17 07:41:55 2026,190.25.75.84,172.10.0.2,3389,TCP,S,Posible Exploit (Desconocido)
Tue Mar 17 07:41:58 2026,190.25.75.84,172.10.0.2,3389,TCP,S,Posible Exploit (Desconocido)
Tue Mar 17 07:42:06 2026,190.25.75.84,172.10.0.2,3389,TCP,S,Posible Exploit (Desconocido)
Tue Mar 17 07:42:09 2026,190.25.75.84,172.10.0.2,3389,TCP,S,Posible Exploit (Desconocido)
Tue Mar 17 07:42:18 2026,190.25.75.84,172.10.0.2,3389,TCP,S,Posible Exploit (Desconocido)
Tue Mar 17 07:42:21 2026,190.25.75.84,172.10.0.2,3389,TCP,S,Posible Exploit (Desconocido)
Tue Mar 17 07:42:30 2026,190.25.75.84,172.10.0.2,3389,TCP,S,Posible Exploit (Desconocido)
Tue Mar 17 07:42:33 2026,190.25.75.84,172.10.0.2,3389,TCP,S,Posible Exploit (Desconocido)
Tue Mar 17 07:42:42 2026,190.25.75.84,172.10.0.2,3389,TCP,S,Posible Exploit (Desconocido)
Tue Mar 17 07:42:45 2026,190.25.75.84,172.10.0.2,3389,TCP,S,Posible Exploit (Desconocido)
Tue Mar 17 07:42:54 2026,190.25.75.84,172.10.0.2,3389,TCP,S,Posible Exploit (Desconocido)
Tue Mar 17 07:42:57 2026,190.25.75.84,172.10.0.2,3389,TCP,S,Posible Exploit (Desconocido)
Tue Mar 17 07:43:06 2026,190.25.75.84,172.10.0.2,3389,TCP,S,Posible Exploit (Desconocido)
Tue Mar 17 07:43:09 2026,190.25.75.84,172.10.0.2,3389,TCP,S,Posible Exploit (Desconocido)
Tue Mar 17 07:43:17 2026,190.25.75.84,172.10.0.2,3389,TCP,S,Posible Exploit (Desconocido)
Tue Mar 17 07:43:20 2026,190.25.75.84,172.10.0.2,3389,TCP,S,Posible Exploit (Desconocido)
Tue Mar 17 07:43:29 2026,190.25.75.84,172.10.0.2,3389,TCP,S,Posible Exploit (Desconocido)
Tue Mar 17 07:43:32 2026,190.25.75.84,172.10.0.2,3389,TCP,S,Posible Exploit (Desconocido)
Tue Mar 17 07:43:41 2026,190.25.75.84,172.10.0.2,3389,TCP,S,Posible Exploit (Desconocido)
Tue Mar 17 07:43:44 2026,190.25.75.84,172.10.0.2,3389,TCP,S,Posible Exploit (Desconocido)
Tue Mar 17 07:43:53 2026,190.25.75.84,172.10.0.2,3389,TCP,S,Posible Exploit (Desconocido)
Tue Mar 17 07:43:56 2026,190.25.75.84,172.10.0.2,3389,TCP,S,Posible Exploit (Desconocido)
Tue Mar 17 07:44:05 2026,190.25.75.84,172.10.0.2,3389,TCP,S,Posible Exploit (Desconocido)
Tue Mar 17 07:44:08 2026,190.25.75.84,172.10.0.2,3389,TCP,S,Posible Exploit (Desconocido)
Tue Mar 17 07:58:36 2026,190.25.75.84,172.10.0.2,3389,TCP,S,Posible Exploit (Desconocido)
Tue Mar 17 07:58:39 2026,190.25.75.84,172.10.0.2,3389,TCP,S,Posible Exploit (Desconocido)
Tue Mar 17 07:58:48 2026,190.25.75.84,172.10.0.2,3389,TCP,S,Posible Exploit (Desconocido)
Tue Mar 17 07:58:51 2026,190.25.75.84,172.10.0.2,3389,TCP,S,Posible Exploit (Desconocido)
Tue Mar 17 07:59:00 2026,190.25.75.84,172.10.0.2,3389,TCP,S,Posible Exploit (Desconocido)
Tue Mar 17 07:59:03 2026,190.25.75.84,172.10.0.2,3389,TCP,S,Posible Exploit (Desconocido)
Tue Mar 17 07:59:12 2026,190.25.75.84,172.10.0.2,3389,TCP,S,Posible Exploit (Desconocido)
Tue Mar 17 07:59:15 2026,190.25.75.84,172.10.0.2,3389,TCP,S,Posible Exploit (Desconocido)
Tue Mar 17 07:59:20 2026,142.93.145.126,172.10.0.2,3389,TCP,S,Posible Exploit (Desconocido)
Tue Mar 17 07:59:23 2026,190.25.75.84,172.10.0.2,3389,TCP,S,Posible Exploit (Desconocido)
Tue Mar 17 07:59:24 2026,142.93.145.126,172.10.0.2,3389,TCP,S,Posible Exploit (Desconocido)
Tue Mar 17 07:59:26 2026,190.25.75.84,172.10.0.2,3389,TCP,S,Posible Exploit (Desconocido)
Tue Mar 17 07:59:32 2026,142.93.145.126,172.10.0.2,3389,TCP,S,Posible Exploit (Desconocido)
Tue Mar 17 07:59:35 2026,190.25.75.84,172.10.0.2,3389,TCP,S,Posible Exploit (Desconocido)
Tue Mar 17 07:59:38 2026,190.25.75.84,172.10.0.2,3389,TCP,S,Posible Exploit (Desconocido)
Tue Mar 17 07:59:47 2026,190.25.75.84,172.10.0.2,3389,TCP,S,Posible Exploit (Desconocido)
Tue Mar 17 07:59:50 2026,190.25.75.84,172.10.0.2,3389,TCP,S,Posible Exploit (Desconocido)
Tue Mar 17 07:59:59 2026,190.25.75.84,172.10.0.2,3389,TCP,S,Posible Exploit (Desconocido)
Tue Mar 17 08:00:02 2026,190.25.75.84,172.10.0.2,3389,TCP,S,Posible Exploit (Desconocido)
Tue Mar 17 08:00:11 2026,190.25.75.84,172.10.0.2,3389,TCP,S,Posible Exploit (Desconocido)
Tue Mar 17 08:00:14 2026,190.25.75.84,172.10.0.2,3389,TCP,S,Posible Exploit (Desconocido)
Tue Mar 17 08:00:22 2026,190.25.75.84,172.10.0.2,3389,TCP,S,Posible Exploit (Desconocido)
Tue Mar 17 08:00:25 2026,190.25.75.84,172.10.0.2,3389,TCP,S,Posible Exploit (Desconocido)
Tue Mar 17 08:00:28 2026,45.166.104.228,172.10.0.2,3389,TCP,S,Posible Exploit (Desconocido)
Tue Mar 17 08:00:34 2026,190.25.75.84,172.10.0.2,3389,TCP,S,Posible Exploit (Desconocido)
Tue Mar 17 08:00:37 2026,190.25.75.84,172.10.0.2,3389,TCP,S,Posible Exploit (Desconocido)
Tue Mar 17 08:00:46 2026,190.25.75.84,172.10.0.2,3389,TCP,S,Posible Exploit (Desconocido)
Tue Mar 17 08:00:49 2026,190.25.75.84,172.10.0.2,3389,TCP,S,Posible Exploit (Desconocido)
Tue Mar 17 08:00:58 2026,190.25.75.84,172.10.0.2,3389,TCP,S,Posible Exploit (Desconocido)
Tue Mar 17 08:01:01 2026,190.25.75.84,172.10.0.2,3389,TCP,S,Posible Exploit (Desconocido)
Tue Mar 17 08:01:05 2026,96.73.195.66,172.10.0.2,3389,TCP,S,Posible Exploit (Desconocido)
Tue Mar 17 08:01:08 2026,96.73.195.66,172.10.0.2,3389,TCP,S,Posible Exploit (Desconocido)
Tue Mar 17 08:01:10 2026,190.25.75.84,172.10.0.2,3389,TCP,S,Posible Exploit (Desconocido)
Tue Mar 17 08:01:12 2026,187.121.34.11,172.10.0.2,3389,TCP,S,Posible Exploit (Desconocido)
Tue Mar 17 08:01:13 2026,190.25.75.84,172.10.0.2,3389,TCP,S,Posible Exploit (Desconocido)
Tue Mar 17 08:01:21 2026,190.25.75.84,172.10.0.2,3389,TCP,S,Posible Exploit (Desconocido)
Tue Mar 17 08:01:24 2026,190.25.75.84,172.10.0.2,3389,TCP,S,Posible Exploit (Desconocido)
Tue Mar 17 08:01:33 2026,190.25.75.84,172.10.0.2,3389,TCP,S,Posible Exploit (Desconocido)
Tue Mar 17 08:01:36 2026,190.25.75.84,172.10.0.2,3389,TCP,S,Posible Exploit (Desconocido)
Tue Mar 17 08:01:45 2026,190.25.75.84,172.10.0.2,3389,TCP,S,Posible Exploit (Desconocido)
Tue Mar 17 08:01:48 2026,190.25.75.84,172.10.0.2,3389,TCP,S,Posible Exploit (Desconocido)
Tue Mar 17 08:01:57 2026,190.25.75.84,172.10.0.2,3389,TCP,S,Posible Exploit (Desconocido)
Tue Mar 17 08:02:00 2026,190.25.75.84,172.10.0.2,3389,TCP,S,Posible Exploit (Desconocido)
Tue Mar 17 08:02:09 2026,190.25.75.84,172.10.0.2,3389,TCP,S,Posible Exploit (Desconocido)
Tue Mar 17 08:02:12 2026,190.25.75.84,172.10.0.2,3389,TCP,S,Posible Exploit (Desconocido)
Tue Mar 17 08:02:20 2026,45.166.104.228,172.10.0.2,3389,TCP,S,Posible Exploit (Desconocido)
Tue Mar 17 08:02:20 2026,190.25.75.84,172.10.0.2,3389,TCP,S,Posible Exploit (Desconocido)
Tue Mar 17 08:02:23 2026,190.25.75.84,172.10.0.2,3389,TCP,S,Posible Exploit (Desconocido)
Tue Mar 17 08:02:32 2026,190.25.75.84,172.10.0.2,3389,TCP,S,Posible Exploit (Desconocido)
Tue Mar 17 08:02:35 2026,190.25.75.84,172.10.0.2,3389,TCP,S,Posible Exploit (Desconocido)
Tue Mar 17 08:02:44 2026,190.25.75.84,172.10.0.2,3389,TCP,S,Posible Exploit (Desconocido)
Tue Mar 17 08:02:47 2026,190.25.75.84,172.10.0.2,3389,TCP,S,Posible Exploit (Desconocido)
Tue Mar 17 08:02:56 2026,190.25.75.84,172.10.0.2,3389,TCP,S,Posible Exploit (Desconocido)
Tue Mar 17 08:02:59 2026,190.25.75.84,172.10.0.2,3389,TCP,S,Posible Exploit (Desconocido)
Tue Mar 17 08:03:05 2026,209.141.41.175,172.10.0.2,22,TCP,S,Posible Exploit (Desconocido)
Tue Mar 17 08:03:08 2026,190.25.75.84,172.10.0.2,3389,TCP,S,Posible Exploit (Desconocido)
Tue Mar 17 08:03:11 2026,190.25.75.84,172.10.0.2,3389,TCP,S,Posible Exploit (Desconocido)
Tue Mar 17 08:03:19 2026,190.25.75.84,172.10.0.2,3389,TCP,S,Posible Exploit (Desconocido)
Tue Mar 17 08:03:22 2026,190.25.75.84,172.10.0.2,3389,TCP,S,Posible Exploit (Desconocido)
Tue Mar 17 08:03:31 2026,190.25.75.84,172.10.0.2,3389,TCP,S,Posible Exploit (Desconocido)
Tue Mar 17 08:03:34 2026,190.25.75.84,172.10.0.2,3389,TCP,S,Posible Exploit (Desconocido)
Tue Mar 17 08:03:43 2026,190.25.75.84,172.10.0.2,3389,TCP,S,Posible Exploit (Desconocido)
Tue Mar 17 08:03:46 2026,190.25.75.84,172.10.0.2,3389,TCP,S,Posible Exploit (Desconocido)
Tue Mar 17 08:03:55 2026,190.25.75.84,172.10.0.2,3389,TCP,S,Posible Exploit (Desconocido)
Tue Mar 17 08:03:58 2026,190.25.75.84,172.10.0.2,3389,TCP,S,Posible Exploit (Desconocido)
Tue Mar 17 08:04:01 2026,187.121.34.11,172.10.0.2,3389,TCP,S,Posible Exploit (Desconocido)
Tue Mar 17 08:04:06 2026,190.25.75.84,172.10.0.2,3389,TCP,S,Posible Exploit (Desconocido)
Tue Mar 17 08:04:09 2026,190.25.75.84,172.10.0.2,3389,TCP,S,Posible Exploit (Desconocido)
Tue Mar 17 08:04:09 2026,45.166.104.228,172.10.0.2,3389,TCP,S,Posible Exploit (Desconocido)
Tue Mar 17 08:04:18 2026,190.25.75.84,172.10.0.2,3389,TCP,S,Posible Exploit (Desconocido)
Tue Mar 17 08:04:21 2026,190.25.75.84,172.10.0.2,3389,TCP,S,Posible Exploit (Desconocido)
Tue Mar 17 08:04:30 2026,190.25.75.84,172.10.0.2,3389,TCP,S,Posible Exploit (Desconocido)
Tue Mar 17 08:04:33 2026,190.25.75.84,172.10.0.2,3389,TCP,S,Posible Exploit (Desconocido)
Tue Mar 17 08:04:41 2026,190.25.75.84,172.10.0.2,3389,TCP,S,Posible Exploit (Desconocido)
Tue Mar 17 08:04:44 2026,190.25.75.84,172.10.0.2,3389,TCP,S,Posible Exploit (Desconocido)
Tue Mar 17 08:04:53 2026,190.25.75.84,172.10.0.2,3389,TCP,S,Posible Exploit (Desconocido)
Tue Mar 17 08:04:56 2026,190.25.75.84,172.10.0.2,3389,TCP,S,Posible Exploit (Desconocido)
Tue Mar 17 08:05:05 2026,190.25.75.84,172.10.0.2,3389,TCP,S,Posible Exploit (Desconocido)
Tue Mar 17 08:05:08 2026,190.25.75.84,172.10.0.2,3389,TCP,S,Posible Exploit (Desconocido)
Tue Mar 17 08:05:17 2026,190.25.75.84,172.10.0.2,3389,TCP,S,Posible Exploit (Desconocido)
Tue Mar 17 08:05:20 2026,190.25.75.84,172.10.0.2,3389,TCP,S,Posible Exploit (Desconocido)
Tue Mar 17 08:05:28 2026,190.25.75.84,172.10.0.2,3389,TCP,S,Posible Exploit (Desconocido)
Tue Mar 17 08:05:31 2026,190.25.75.84,172.10.0.2,3389,TCP,S,Posible Exploit (Desconocido)
Tue Mar 17 08:05:40 2026,190.25.75.84,172.10.0.2,3389,TCP,S,Posible Exploit (Desconocido)
Tue Mar 17 08:05:43 2026,190.25.75.84,172.10.0.2,3389,TCP,S,Posible Exploit (Desconocido)
Tue Mar 17 08:05:52 2026,190.25.75.84,172.10.0.2,3389,TCP,S,Posible Exploit (Desconocido)
Tue Mar 17 08:05:55 2026,190.25.75.84,172.10.0.2,3389,TCP,S,Posible Exploit (Desconocido)
Tue Mar 17 08:06:00 2026,45.166.104.228,172.10.0.2,3389,TCP,S,Posible Exploit (Desconocido)
Tue Mar 17 08:06:03 2026,190.25.75.84,172.10.0.2,3389,TCP,S,Posible Exploit (Desconocido)
Tue Mar 17 08:06:06 2026,190.25.75.84,172.10.0.2,3389,TCP,S,Posible Exploit (Desconocido)
Tue Mar 17 08:06:15 2026,190.25.75.84,172.10.0.2,3389,TCP,S,Posible Exploit (Desconocido)
Tue Mar 17 08:06:18 2026,190.25.75.84,172.10.0.2,3389,TCP,S,Posible Exploit (Desconocido)
Tue Mar 17 08:06:27 2026,190.25.75.84,172.10.0.2,3389,TCP,S,Posible Exploit (Desconocido)
Tue Mar 17 08:06:30 2026,190.25.75.84,172.10.0.2,3389,TCP,S,Posible Exploit (Desconocido)
Tue Mar 17 08:06:38 2026,190.25.75.84,172.10.0.2,3389,TCP,S,Posible Exploit (Desconocido)
Tue Mar 17 08:06:41 2026,190.25.75.84,172.10.0.2,3389,TCP,S,Posible Exploit (Desconocido)
Tue Mar 17 08:06:49 2026,187.121.34.11,172.10.0.2,3389,TCP,S,Posible Exploit (Desconocido)
Tue Mar 17 08:06:50 2026,190.25.75.84,172.10.0.2,3389,TCP,S,Posible Exploit (Desconocido)
Tue Mar 17 08:06:53 2026,190.25.75.84,172.10.0.2,3389,TCP,S,Posible Exploit (Desconocido)
Tue Mar 17 08:07:02 2026,190.25.75.84,172.10.0.2,3389,TCP,S,Posible Exploit (Desconocido)
Tue Mar 17 08:07:05 2026,190.25.75.84,172.10.0.2,3389,TCP,S,Posible Exploit (Desconocido)
Tue Mar 17 08:07:13 2026,190.25.75.84,172.10.0.2,3389,TCP,S,Posible Exploit (Desconocido)
Tue Mar 17 08:07:16 2026,190.25.75.84,172.10.0.2,3389,TCP,S,Posible Exploit (Desconocido)
Tue Mar 17 08:07:18 2026,65.49.1.15,172.10.0.2,22,TCP,S,Posible Exploit (Desconocido)
Tue Mar 17 08:07:25 2026,190.25.75.84,172.10.0.2,3389,TCP,S,Posible Exploit (Desconocido)
Tue Mar 17 08:07:28 2026,190.25.75.84,172.10.0.2,3389,TCP,S,Posible Exploit (Desconocido)
Tue Mar 17 08:07:37 2026,190.25.75.84,172.10.0.2,3389,TCP,S,Posible Exploit (Desconocido)
Tue Mar 17 08:07:40 2026,190.25.75.84,172.10.0.2,3389,TCP,S,Posible Exploit (Desconocido)
Tue Mar 17 08:13:31 2026,190.25.75.84,172.10.0.2,3389,TCP,S,Posible Exploit (Desconocido)
Tue Mar 17 08:13:40 2026,190.25.75.84,172.10.0.2,3389,TCP,S,Posible Exploit (Desconocido)
Tue Mar 17 08:13:43 2026,190.25.75.84,172.10.0.2,3389,TCP,S,Posible Exploit (Desconocido)
Tue Mar 17 08:13:51 2026,190.25.75.84,172.10.0.2,3389,TCP,S,Posible Exploit (Desconocido)
Tue Mar 17 08:13:54 2026,190.25.75.84,172.10.0.2,3389,TCP,S,Posible Exploit (Desconocido)
Tue Mar 17 08:14:03 2026,190.25.75.84,172.10.0.2,3389,TCP,S,Posible Exploit (Desconocido)
Tue Mar 17 08:14:06 2026,190.25.75.84,172.10.0.2,3389,TCP,S,Posible Exploit (Desconocido)
Tue Mar 17 08:14:15 2026,190.25.75.84,172.10.0.2,3389,TCP,S,Posible Exploit (Desconocido)
Tue Mar 17 08:14:18 2026,190.25.75.84,172.10.0.2,3389,TCP,S,Posible Exploit (Desconocido)
Tue Mar 17 08:14:26 2026,190.25.75.84,172.10.0.2,3389,TCP,S,Posible Exploit (Desconocido)
Tue Mar 17 08:14:29 2026,190.25.75.84,172.10.0.2,3389,TCP,S,Posible Exploit (Desconocido)
Tue Mar 17 08:14:38 2026,190.25.75.84,172.10.0.2,3389,TCP,S,Posible Exploit (Desconocido)
Tue Mar 17 08:14:41 2026,190.25.75.84,172.10.0.2,3389,TCP,S,Posible Exploit (Desconocido)
Tue Mar 17 08:14:50 2026,190.25.75.84,172.10.0.2,3389,TCP,S,Posible Exploit (Desconocido)
Tue Mar 17 08:14:53 2026,190.25.75.84,172.10.0.2,3389,TCP,S,Posible Exploit (Desconocido)
Tue Mar 17 08:15:01 2026,190.25.75.84,172.10.0.2,3389,TCP,S,Posible Exploit (Desconocido)
Tue Mar 17 08:15:04 2026,190.25.75.84,172.10.0.2,3389,TCP,S,Posible Exploit (Desconocido)
Tue Mar 17 08:15:12 2026,45.166.104.228,172.10.0.2,3389,TCP,S,Posible Exploit (Desconocido)
Tue Mar 17 08:15:13 2026,190.25.75.84,172.10.0.2,3389,TCP,S,Posible Exploit (Desconocido)
Tue Mar 17 08:15:16 2026,190.25.75.84,172.10.0.2,3389,TCP,S,Posible Exploit (Desconocido)
Tue Mar 17 08:15:17 2026,187.121.34.11,172.10.0.2,3389,TCP,S,Posible Exploit (Desconocido)
Tue Mar 17 08:15:25 2026,190.25.75.84,172.10.0.2,3389,TCP,S,Posible Exploit (Desconocido)
Tue Mar 17 08:15:28 2026,190.25.75.84,172.10.0.2,3389,TCP,S,Posible Exploit (Desconocido)
Tue Mar 17 08:15:36 2026,190.25.75.84,172.10.0.2,3389,TCP,S,Posible Exploit (Desconocido)
Tue Mar 17 08:15:39 2026,190.25.75.84,172.10.0.2,3389,TCP,S,Posible Exploit (Desconocido)
Tue Mar 17 08:15:48 2026,190.25.75.84,172.10.0.2,3389,TCP,S,Posible Exploit (Desconocido)
Tue Mar 17 08:15:51 2026,190.25.75.84,172.10.0.2,3389,TCP,S,Posible Exploit (Desconocido)
Tue Mar 17 08:16:00 2026,190.25.75.84,172.10.0.2,3389,TCP,S,Posible Exploit (Desconocido)
Tue Mar 17 08:16:03 2026,190.25.75.84,172.10.0.2,3389,TCP,S,Posible Exploit (Desconocido)
Tue Mar 17 08:16:11 2026,190.25.75.84,172.10.0.2,3389,TCP,S,Posible Exploit (Desconocido)
Tue Mar 17 08:16:14 2026,190.25.75.84,172.10.0.2,3389,TCP,S,Posible Exploit (Desconocido)
Tue Mar 17 08:16:23 2026,190.25.75.84,172.10.0.2,3389,TCP,S,Posible Exploit (Desconocido)
Tue Mar 17 08:16:26 2026,190.25.75.84,172.10.0.2,3389,TCP,S,Posible Exploit (Desconocido)
Tue Mar 17 08:16:32 2026,172.236.126.175,172.10.0.2,139,TCP,S,Posible Exploit (Desconocido)
Tue Mar 17 08:16:34 2026,190.25.75.84,172.10.0.2,3389,TCP,S,Posible Exploit (Desconocido)
Tue Mar 17 08:16:37 2026,190.25.75.84,172.10.0.2,3389,TCP,S,Posible Exploit (Desconocido)
Tue Mar 17 08:16:46 2026,190.25.75.84,172.10.0.2,3389,TCP,S,Posible Exploit (Desconocido)
Tue Mar 17 08:16:49 2026,190.25.75.84,172.10.0.2,3389,TCP,S,Posible Exploit (Desconocido)
Tue Mar 17 08:16:58 2026,190.25.75.84,172.10.0.2,3389,TCP,S,Posible Exploit (Desconocido)
Tue Mar 17 08:17:01 2026,190.25.75.84,172.10.0.2,3389,TCP,S,Posible Exploit (Desconocido)
Tue Mar 17 08:17:09 2026,190.25.75.84,172.10.0.2,3389,TCP,S,Posible Exploit (Desconocido)
Tue Mar 17 08:17:12 2026,190.25.75.84,172.10.0.2,3389,TCP,S,Posible Exploit (Desconocido)
Tue Mar 17 08:17:21 2026,190.25.75.84,172.10.0.2,3389,TCP,S,Posible Exploit (Desconocido)
Tue Mar 17 08:17:24 2026,190.25.75.84,172.10.0.2,3389,TCP,S,Posible Exploit (Desconocido)
Tue Mar 17 08:17:32 2026,190.25.75.84,172.10.0.2,3389,TCP,S,Posible Exploit (Desconocido)
Tue Mar 17 08:17:35 2026,190.25.75.84,172.10.0.2,3389,TCP,S,Posible Exploit (Desconocido)
Tue Mar 17 08:17:44 2026,190.25.75.84,172.10.0.2,3389,TCP,S,Posible Exploit (Desconocido)
Tue Mar 17 08:17:47 2026,190.25.75.84,172.10.0.2,3389,TCP,S,Posible Exploit (Desconocido)
Tue Mar 17 08:17:56 2026,190.25.75.84,172.10.0.2,3389,TCP,S,Posible Exploit (Desconocido)
Tue Mar 17 08:17:59 2026,190.25.75.84,172.10.0.2,3389,TCP,S,Posible Exploit (Desconocido)
Tue Mar 17 08:18:04 2026,187.121.34.11,172.10.0.2,3389,TCP,S,Posible Exploit (Desconocido)
Tue Mar 17 08:18:07 2026,190.25.75.84,172.10.0.2,3389,TCP,S,Posible Exploit (Desconocido)
Tue Mar 17 08:18:10 2026,190.25.75.84,172.10.0.2,3389,TCP,S,Posible Exploit (Desconocido)
Tue Mar 17 08:18:19 2026,190.25.75.84,172.10.0.2,3389,TCP,S,Posible Exploit (Desconocido)
Tue Mar 17 08:18:22 2026,190.25.75.84,172.10.0.2,3389,TCP,S,Posible Exploit (Desconocido)
Tue Mar 17 08:18:31 2026,190.25.75.84,172.10.0.2,3389,TCP,S,Posible Exploit (Desconocido)
Tue Mar 17 08:18:34 2026,190.25.75.84,172.10.0.2,3389,TCP,S,Posible Exploit (Desconocido)
Tue Mar 17 08:18:42 2026,190.25.75.84,172.10.0.2,3389,TCP,S,Posible Exploit (Desconocido)
Tue Mar 17 08:18:45 2026,190.25.75.84,172.10.0.2,3389,TCP,S,Posible Exploit (Desconocido)
Tue Mar 17 08:18:54 2026,190.25.75.84,172.10.0.2,3389,TCP,S,Posible Exploit (Desconocido)
Tue Mar 17 08:18:56 2026,45.166.104.228,172.10.0.2,3389,TCP,S,Posible Exploit (Desconocido)
Tue Mar 17 08:19:15 2026,181.118.154.160,172.10.5.9,51000,UDP,N/A,UDP Flood (Desconocido)
Tue Mar 17 08:52:58 2026,181.118.154.160,172.10.5.250,63727,UDP,N/A,UDP Flood (Desconocido)
Tue Mar 17 08:53:45 2026,181.118.154.160,172.10.5.250,49478,UDP,N/A,UDP Flood (Desconocido)
Tue Mar 17 09:08:09 2026,172.10.2.159,172.10.3.131,5353,UDP,N/A,UDP Flood (Desconocido)
Tue Mar 17 09:53:21 2026,179.43.148.26,172.10.7.66,22,TCP,S,Posible Exploit (Desconocido)
Tue Mar 17 09:54:29 2026,146.88.241.53,172.10.7.66,3389,UDP,N/A,Posible Exploit (Desconocido)
Tue Mar 17 09:54:30 2026,79.124.62.126,172.10.7.66,3389,TCP,S,Posible Exploit (Desconocido)
Tue Mar 17 13:19:04 2026,200.114.56.33,172.10.14.73,61588,UDP,N/A,UDP Flood (Desconocido)
Tue Mar 17 13:19:04 2026,57.144.198.192,172.10.14.73,63301,UDP,N/A,UDP Flood (Desconocido)
Tue Mar 17 13:19:04 2026,57.144.114.141,172.10.14.73,53013,UDP,N/A,UDP Flood (Desconocido)
Tue Mar 17 13:19:04 2026,57.144.114.145,172.10.14.73,55199,UDP,N/A,UDP Flood (Desconocido)
Tue Mar 17 13:19:06 2026,200.114.56.33,172.10.14.73,61588,UDP,N/A,UDP Flood (Desconocido)
Tue Mar 17 13:19:06 2026,57.144.198.192,172.10.14.73,63301,UDP,N/A,UDP Flood (Desconocido)
Tue Mar 17 13:19:06 2026,57.144.114.141,172.10.14.73,53013,UDP,N/A,UDP Flood (Desconocido)
Tue Mar 17 13:19:07 2026,181.118.154.160,172.10.14.73,59753,UDP,N/A,UDP Flood (Desconocido)
Tue Mar 17 13:19:07 2026,57.144.115.32,172.10.14.73,63483,UDP,N/A,UDP Flood (Desconocido)
Tue Mar 17 13:19:08 2026,200.114.56.33,172.10.14.73,61588,UDP,N/A,UDP Flood (Desconocido)
Tue Mar 17 13:19:08 2026,57.144.197.32,172.10.14.73,50048,UDP,N/A,UDP Flood (Desconocido)
Tue Mar 17 13:19:08 2026,17.248.201.27,172.10.14.73,50555,UDP,N/A,UDP Flood (Desconocido)
Tue Mar 17 13:19:08 2026,57.144.198.192,172.10.14.73,63301,UDP,N/A,UDP Flood (Desconocido)
Tue Mar 17 13:19:09 2026,57.144.114.141,172.10.14.73,54498,UDP,N/A,UDP Flood (Desconocido)
Tue Mar 17 13:19:09 2026,200.114.56.97,172.10.14.73,59075,UDP,N/A,UDP Flood (Desconocido)
Tue Mar 17 13:19:09 2026,181.118.154.160,172.10.14.73,59753,UDP,N/A,UDP Flood (Desconocido)
Tue Mar 17 13:19:09 2026,57.144.115.32,172.10.14.73,63483,UDP,N/A,UDP Flood (Desconocido)
Tue Mar 17 13:19:10 2026,190.145.185.98,172.10.14.73,50118,UDP,N/A,UDP Flood (Desconocido)
Tue Mar 17 13:19:11 2026,57.144.197.32,172.10.14.73,50048,UDP,N/A,UDP Flood (Desconocido)
Tue Mar 17 13:19:11 2026,200.114.56.33,172.10.14.73,61588,UDP,N/A,UDP Flood (Desconocido)
Tue Mar 17 13:19:11 2026,57.144.198.192,172.10.14.73,63301,UDP,N/A,UDP Flood (Desconocido)
Tue Mar 17 13:19:12 2026,181.118.154.160,172.10.14.73,52447,UDP,N/A,UDP Flood (Desconocido)
Tue Mar 17 13:19:12 2026,57.144.115.32,172.10.14.73,61189,UDP,N/A,UDP Flood (Desconocido)
Tue Mar 17 13:20:18 2026,74.125.174.6,172.10.14.79,56039,UDP,N/A,UDP Flood (Desconocido)
Tue Mar 17 13:20:19 2026,142.251.133.110,172.10.14.79,60381,UDP,N/A,UDP Flood (Desconocido)
Tue Mar 17 13:20:19 2026,8.8.4.4,172.10.14.79,57696,UDP,N/A,UDP Flood (Desconocido)
Tue Mar 17 13:20:19 2026,74.125.138.101,172.10.14.79,54490,UDP,N/A,UDP Flood (Desconocido)
Tue Mar 17 13:20:19 2026,74.125.155.195,172.10.14.79,59475,UDP,N/A,UDP Flood (Desconocido)
Tue Mar 17 13:20:19 2026,74.125.138.113,172.10.14.79,53898,UDP,N/A,UDP Flood (Desconocido)
Tue Mar 17 13:20:19 2026,216.239.34.223,172.10.14.79,57743,UDP,N/A,UDP Flood (Desconocido)
Tue Mar 17 15:21:46 2026,172.10.0.47,255.255.255.255,69,UDP,N/A,Posible Exploit (Desconocido)
Tue Mar 17 15:23:10 2026,172.10.0.47,255.255.255.255,69,UDP,N/A,Posible Exploit (Desconocido)
Tue Mar 17 15:23:11 2026,172.10.0.56,255.255.255.255,69,UDP,N/A,Posible Exploit (Desconocido)
Tue Mar 17 15:25:24 2026,172.10.0.59,255.255.255.255,69,UDP,N/A,Posible Exploit (Desconocido)
Tue Mar 17 15:26:54 2026,172.10.0.59,255.255.255.255,69,UDP,N/A,Posible Exploit (Desconocido)
Tue Mar 17 15:29:25 2026,172.10.0.59,255.255.255.255,69,UDP,N/A,Posible Exploit (Desconocido)
Tue Mar 17 15:40:28 2026,172.10.0.59,255.255.255.255,69,UDP,N/A,Posible Exploit (Desconocido)
Tue Mar 17 15:43:38 2026,172.10.0.59,255.255.255.255,69,UDP,N/A,Posible Exploit (Desconocido)
